{"cameraMode":{"drawMode":0,"name":"Shaded","section":"Shading Mode"},"sceneLighting":false,"audioPlay":false,"sceneViewState":{"showFog":true,"showMaterialUpdate":false,"showSkybox":false,"showFlares":true,"showImageEffects":true,"showParticleSystems":true},"in2DMode":false,"pivot":{"x":0.0,"y":0.36900001764297488,"z":1.2899999618530274},"rotation":{"x":-0.08411308377981186,"y":0.7482175230979919,"z":-0.09656965732574463,"w":-0.6510717272758484},"size":0.42926210165023806,"orthographic":false}