{"cameraMode":{"drawMode":0,"name":"Shaded","section":"Shading Mode"},"sceneLighting":true,"audioPlay":false,"sceneViewState":{"showFog":true,"showMaterialUpdate":false,"showSkybox":true,"showFlares":true,"showImageEffects":true,"showParticleSystems":true},"in2DMode":false,"pivot":{"x":-19.199932098388673,"y":0.41006147861480715,"z":3.1369640827178957},"rotation":{"x":0.008110490627586842,"y":-0.6675011515617371,"z":0.007146797608584166,"w":0.7446263432502747},"size":21.771089553833009,"orthographic":false}